gbjdsxwxpl,bacteria
fbfefmqang,bacteria
ayobwsasun,bacteria
gmchqvkthk,bacteria
pqzclfanco,bacteria
psrjvfadvk,bacteria
lezwewprab,bacteria
xjyacugeqt,bacteria
bwrbnsnpoq,bacteria
cvxomdbmdu,bacteria
zxxnhysxif,bacteria
timcmdagfx,bacteria
wgvyghdnhe,bacteria
oerzcuqmzs,bacteria
bhbhhlqpcl,bacteria
sjdlofhguq,bacteria
xxdlvocnwd,bacteria
pspgueidyy,bacteria
vqjhqzxuhi,bacteria
ddkijoktxs,bacteria
efepmwlixw,bacteria
qrjbsldhbm,bacteria
mcwdfnmykq,bacteria
gxspvdbqiy,bacteria
aogyktmtiy,bacteria
cvdblkbjcq,bacteria
anpdvemkkp,bacteria
gwvzgjusfb,bacteria
flaewiwwcl,bacteria
gfxhwzuqsf,bacteria
eliybgrdbq,bacteria
kidofnpgai,bacteria
zcsistxfvu,bacteria
ikbywvtmqx,bacteria
fvucpqytgm,bacteria
njemjhdzwh,bacteria
xjdbkerwof,bacteria
mkhbsanlpx,bacteria
kdbaocrtdb,bacteria
xlkttolmba,bacteria
mjvsmfsrcu,bacteria
xpvrnrkril,bacteria
isqdgclybn,bacteria
qibnsnobwa,bacteria
ypmwbbgogu,bacteria
dbgxtntixt,bacteria
ypmrvdynkc,bacteria
hqbalfgllu,bacteria
fztgmlmsks,bacteria
ponanxjbkv,bacteria
nnsglqjqvp,bacteria
jqmljfdecw,bacteria
yvbaehrmyg,bacteria
klklgxcjfg,bacteria
cmllnajlul,bacteria
jmcggmeabm,bacteria
fveprsvupu,bacteria
gimgtvvwig,bacteria
jinsnirdxa,bacteria
tkwuymdezf,bacteria
ftizvboxxk,bacteria
qiuifddwol,bacteria
mubbtumcwc,bacteria
pdpwcmbwdk,bacteria
guvilmffxh,bacteria
srjswzducc,bacteria
yvfjoedcrv,bacteria
whhwknweza,bacteria
xrckfzjdru,bacteria
bkhhcmtrgw,bacteria
rqrbomxfxo,bacteria
wmxnlvhjdu,bacteria
uqfrtkrnvk,bacteria
zbawtjphfs,bacteria
tbnudkgaho,bacteria
lceyxwwyro,bacteria
hzertykred,bacteria
txqglauzhk,bacteria
mftkkmpayy,bacteria
qzqtsgbgxc,bacteria
bdeqbuduvm,bacteria
clizelpjjy,bacteria
xoaczzuhuy,bacteria
srvzewrnnf,bacteria
tuhuryqgni,bacteria
imweztpwnq,bacteria
yyqrtkthtk,bacteria
tueymewrwt,bacteria
gapejjzibb,bacteria
mwtlwlcwii,bacteria
iwxcvlyyqf,bacteria
upkwekeiiv,bacteria
ksfqukpytg,bacteria
cqgrwodcie,bacteria
nfczpeqadr,bacteria
odmednajhq,bacteria
dzrgobnqis,bacteria
silpnuhzxu,bacteria
ekjfkprgxh,bacteria
palcxoqkgo,bacteria
sqskqraqji,bacteria
esflhgskio,bacteria
xgoszuxwkk,bacteria
nesbtmoitf,bacteria
mekurrkrjx,bacteria
bkxyatmglf,bacteria
fmoprmqyyx,bacteria
ydeklvqwei,bacteria
vnixormmjb,bacteria
pavhhhlyxf,bacteria
ylgbwcghcl,bacteria
cdvlndmpoz,bacteria
qhkawnpbst,bacteria
isjwbbjbzi,bacteria
vnmapsefnf,bacteria
